<?xml version="1.0" encoding="UTF-8"?>
<!DOCTYPE mapper PUBLIC "-//mybatis.org//DTD Mapper 3.0//EN" "http://mybatis.org/dtd/mybatis-3-mapper.dtd" >
<mapper namespace="seo_approval">


    <select id="selectAllApprovals" resultMap="approval.approvalMap">
        SELECT * FROM APPROVAL
    </select>

    <select id="countApprovals" resultType="_int">
        SELECT COUNT(*) FROM APPROVAL
    </select>

    <insert id="insertApproval" parameterType="approval">

        INSERT INTO APPROVAL (APRV_NO, APRV_SQ, APRV_LV, APRV_RE, DOC_NO, APRV_DATE, EMP_NO)
        VALUES (SEQ_APRV_NO.nextval, #{aprvSq}, #{aprvLv}, #{aprvRe}, #{docNo.docNo}, #{aprvDate}, #{empNo.empNo})

        <selectKey keyProperty="aprvNo" resultType="long" order="AFTER">
            SELECT SEQ_APRV_NO.CURRVAL FROM DUAL
        </selectKey>
    </insert>

    <update id="updateApproval" parameterType="approval">
        UPDATE APPROVAL
        SET
            APRV_SQ = #{aprvSq},
            APRV_LV = #{aprvLv},
            APRV_RE = #{aprvRe},
            APRV_DATE = #{aprvDate}
        WHERE APRV_NO = #{aprvNo}
    </update>

    <delete id="deleteApproval" parameterType="long">
        DELETE FROM APPROVAL WHERE APRV_NO = #{aprvNo}
    </delete>

</mapper>