<?xml version="1.0" encoding="UTF-8"?>
<!DOCTYPE mapper PUBLIC "-//mybatis.org//DTD Mapper 3.0//EN" "http://mybatis.org/dtd/mybatis-3-mapper.dtd" >
<mapper namespace="seo_approvalfile">
    <!--    <resultMap id="approvalFileMap" type="seo_approvalfile">-->
    <!--            <id property="aprvFileNo" column="APRVFILE_NO" />-->
    <!--            <result property="aprvOriName" column="APRV_ORINAME" />-->
    <!--            <result property="aprvReNamed" column="APRV_RENAMED" />-->

    <!--            <association property="docNo" resultMap="document.documentMap" />-->
    <!--        </resultMap>-->

    <select id="selectAllApprovalFiles" resultMap="aprvfile.aprvfileMap">
        SELECT * FROM APPROVAL_FILE
    </select>

    <select id="countApprovalFiles" resultType="_int">
        SELECT COUNT(*) FROM APPROVAL_FILE
    </select>

    <select id="selectApprovalFileById" parameterType="long" resultMap="aprvfile.aprvfileMap">
        SELECT * FROM APPROVAL_FILE WHERE APRVFILE_NO = #{aprvFileNo}
    </select>

    <insert id="insertApprovalFile" parameterType="aprvfile">

        INSERT INTO APPROVAL_FILE (APRVFILE_NO, APRV_ORINAME, APRV_RENAMED, DOC_NO)
        VALUES (SEQ_APRVFILE_NO.nextval, #{aprvOriName}, #{aprvReNamed}, #{docNo.docNo})

        <selectKey keyProperty="aprvFileNo" resultType="long" order="AFTER">
            SELECT SEQ_APRVFILE_NO.CURRVAL FROM DUAL
        </selectKey>

    </insert>

    <update id="updateApprovalFile" parameterType="aprvfile">
        UPDATE APPROVAL_FILE
        SET
            APRV_ORINAME = #{aprvOriName},
            APRV_RENAMED = #{aprvReNamed},
            DOC_NO = #{docNo.docNo}
        WHERE APRVFILE_NO = #{aprvFileNo}
    </update>

    <delete id="deleteApprovalFile" parameterType="long">
        DELETE FROM APPROVAL_FILE WHERE APRVFILE_NO = #{aprvFileNo}
    </delete>


</mapper>
