<?xml version="1.0" encoding="UTF-8"?>
<!DOCTYPE mapper PUBLIC "-//mybatis.org//DTD Mapper 3.0//EN" "http://mybatis.org/dtd/mybatis-3-mapper.dtd" >
<mapper namespace="branch">
    <resultMap id="branchMap" type="branch">
        <id column="branch_id" property="branchId" />
        <result column="branch_name" property="branchName" />
        <result column="branch_type" property="branchType" />
        <result column="branch_isdel" property="branchIsdel" />
        <result column="branch_addr" property="branchAddr" />
        <collection property="employeeList" resultMap="employee.employeeMap" />
        <collection property="stockList" resultMap="stock.stockMap" />
        <collection property="inventoryList" resultMap="inventory.inventoryMap" />

    </resultMap>

    <select id="selectAllBranches" resultMap="branchMap">
        SELECT * FROM BRANCH WHERE branch_isdel = 'N'
    </select>

    <select id="countBranches" resultType="_int">
        SELECT COUNT(*) FROM BRANCH WHERE branch_isdel = 'N'
    </select>

    <select id="selectBranch" parameterType="long" resultMap="branchMap">
        SELECT * FROM BRANCH WHERE branch_id = #{branchId.branchId}
    </select>


    <insert id="insertBranch" parameterType="branch">
        INSERT INTO BRANCH (branch_id, BRANCH_NAME, BRANCH_TYPE, BRANCH_ISDEL, BRANCH_ADDR)
        VALUES (SEQ_BRANCH_ID.nextval, #{branchName}, #{branchType}, #{branchIsdel}, #{branchAddr})
    </insert>


    <update id="updateBranch" parameterType="branch">
        UPDATE BRANCH
        SET BRANCH_NAME = #{branchName},
            BRANCH_TYPE = #{branchType},
            BRANCH_ISDEL = #{branchIsdel},
            BRANCH_ADDR = #{branchAddr}
        WHERE branch_id = #{branchId.branchId}
    </update>


    <delete id="deleteBranch" parameterType="long">
        DELETE FROM BRANCH WHERE branch_id = #{branchId.branchId}
    </delete>
</mapper>
