<?xml version="1.0" encoding="UTF-8"?>
<!DOCTYPE mapper PUBLIC "-//mybatis.org//DTD Mapper 3.0//EN" "http://mybatis.org/dtd/mybatis-3-mapper.dtd" >
<mapper namespace="seo_document">
<!--    <resultMap id="documentMap" type="document">
        <id property="docNo" column="DOC_NO" />
        <result property="docTitle" column="DOC_TITLE" />
        <result property="docCont" column="DOC_CONT" />
        <result property="docStatcd" column="DOC_STATCD" />
        <result property="uDate" column="U_DATE" />
        <result property="startDate" column="START_DATE" />
        <result property="endDate" column="END_DATE" />

        <association property="docTag" resultMap="tag.tagMap"/>
&lt;!&ndash;            <id property="docTag" column="DOC_TAG" />
            <result property="tagName" column="TAG_NAME" />
            <result property="tagCont" column="TAG_CONT" />&ndash;&gt;
&lt;!&ndash;        <association property="ivId" resultMap="inventory.inventoryMap"/>&ndash;&gt;
        <association property="empNo" resultMap="employee.employeeMap" />
    &lt;!&ndash;        <id property="empNo" column="EMP_NO" />&ndash;&gt;
        &lt;!&ndash;<association property="approvalFile" resultMap="approfile.approFileMap" />&ndash;&gt;
        <collection property="approvalList" resultMap="approval.approvalMap" />
    </resultMap>-->

    <select id="selectAllDocuments" resultMap="document.documentMap">
        SELECT * FROM DOCUMENT
    </select>

    <select id="countDocuments" resultType="_int">
        SELECT COUNT(*) FROM DOCUMENT
    </select>

    <select id="selectDocumentById" resultMap="document.documentMap">
        SELECT * FROM DOCUMENT WHERE DOC_NO = #{docNo.docNo}
    </select>
    <insert id="insertDocument" parameterType="Document">

        INSERT INTO DOCUMENT (DOC_NO, DOC_TAG, DOC_TITLE, DOC_CONT, DOC_STATCD, U_DATE, EMP_NO, START_DATE, END_DATE)
        VALUES (SEQ_DOC_NO.nextval, #{docTag.docTag}, #{docTitle}, #{docCont}, #{docStatcd}, #{uDate}, #{empNo.empNo}, #{startDate}, #{endDate})

        <selectKey keyProperty="docNo" order="AFTER" resultType="long">
            SELECT SEQ_DOC_NO.NEXTVAL FROM DUAL
        </selectKey>
    </insert>

    <update id="updateDocument" parameterType="Document">
        UPDATE DOCUMENT
        SET DOC_TAG = #{docTag.docTag}, DOC_TITLE = #{docTitle}, DOC_CONT = #{docCont},
            DOC_STATCD = #{docStatcd}, U_DATE = #{uDate}, EMP_NO = #{empNo.empNo},
            START_DATE = #{startDate}, END_DATE = #{endDate}
        WHERE DOC_NO = #{docNo.docNo}
    </update>

    <delete id="deleteDocument" parameterType="long">
        DELETE FROM DOCUMENT WHERE DOC_NO = #{docNo.docNo}
    </delete>
</mapper>