<?xml version="1.0" encoding="UTF-8"?>
<!DOCTYPE mapper PUBLIC "-//mybatis.org//DTD Mapper 3.0//EN" "http://mybatis.org/dtd/mybatis-3-mapper.dtd">
<mapper namespace="seo_employee">

    <select id="selectAllEmployees" resultMap="employee.employeeMap">
        SELECT * FROM EMPLOYEE
    </select>

    <select id="countEmployees" resultType="_int">
        SELECT COUNT(*) FROM EMPLOYEE
    </select>

    <select id="selectEmployee" parameterType="_int" resultMap="employee.employeeMap">
        SELECT * FROM EMPLOYEE WHERE EMP_NO = #{empNo}
    </select>

    <insert id="insertEmployee" parameterType="employee">
        INSERT INTO EMPLOYEE (emp_no, branch_id, EMP_PW, EMP_NAME, EMP_LV, EMP_ENDATE, EMP_STATUS, EMP_FICATION)
        VALUES (SEQ_EMP_NO.nextval, #{branchId.branchId}, #{empPw}, #{empName}, #{empLv}, #{empEndate}, #{empStatus}, #{empFication})

        <selectKey keyProperty="empNo" resultType="long" order="AFTER">
            SELECT SEQ_EMP_NO.CURRVAL FROM DUAL
        </selectKey>
    </insert>
    <update id="updateEmployee" parameterType="employee">
        UPDATE EMPLOYEE
        SET EMP_PW = #{empPw}, EMP_NAME = #{empName}, EMP_LV = #{empLv}, EMP_ENDATE = #{empEndate}, EMP_STATUS = #{empStatus}, EMP_FICATION = #{empFication}, BRANCH_ID = #{branchId.branchId}
        WHERE EMP_NO = #{empNo}
    </update>

    <delete id="deleteEmployee" parameterType="_int">
        DELETE FROM EMPLOYEE WHERE EMP_NO = #{empNo}
    </delete>

</mapper>