<?xml version="1.0" encoding="UTF-8"?>
<!DOCTYPE mapper PUBLIC "-//mybatis.org//DTD Mapper 3.0//EN" "http://mybatis.org/dtd/mybatis-3-mapper.dtd" >
<mapper namespace="inventory">
    <resultMap id="inventoryMap" type="inventory">
        <id column="iv_id" property="ivId" />
        <result column="iv_type" property="ivType" />
        <result column="iv_date" property="ivDate" />
        <result column="iv_isdel" property="ivIsdel" />
        <result column="iv_edit_date" property="ivEditDate" />
        <result column="iv_vat_type" property="ivVatType" />
        <result column="iv_memo" property="ivMemo" />

        <association property="sendBrcId" resultMap="branch.branchMap"/>
        <association property="recieveBrcId" resultMap="branch.branchMap"/>
        <association property="sendEmpId" resultMap="employee.employeeMap"/>
        <association property="recieveEmpId" resultMap="employee.employeeMap"/>
        <association property="docNo" resultMap="document.documentMap" />

        <collection property="prdInventoryList" resultMap="prdinventory.prdinventoryMap" />
        <collection property="inventoryAttachList" resultMap="inventoryattach.inventoryattachMap" />
    </resultMap>

    <select id="selectAllInventories" resultMap="inventory.inventoryMap">
        SELECT * FROM INVENTORY WHERE iv_isdel = 'N'
    </select>

    <select id="countInventories" resultType="_int">
        SELECT COUNT(*) FROM INVENTORY WHERE iv_isdel = 'N'
    </select>

    <select id="selectInventory" resultMap="inventory.inventoryMap" parameterType="string">
        SELECT * FROM INVENTORY WHERE iv_id = #{ivId.ivId}
    </select>

    <insert id="insertInventory" parameterType="inventory">
        INSERT INTO INVENTORY (iv_id, iv_type, iv_date, iv_isdel, iv_edit_date, iv_vat_type, iv_memo, send_brc_id, recieve_brc_id, send_emp_id, recieve_emp_id, DOC_NO)
        VALUES (SEQ_INVENTORY_ID.nextval, #{dafwe.ivType}, #{ivDate}, #{ivIsdel}, #{ivEditDate}, #{ivVatType}, #{ivMemo}, #{sendBrcId.sendBrcId}, #{recieveBrcId.recieveBrcId}, #{sendEmpId.sendEmpId}, #{recieveEmpId.recieveEmpId}, #{docNo.docNo})

        <selectKey keyProperty="id" resultType="long" order="AFTER">
            SELECT SEQ_INVENTORY_ID.CURRVAL FROM DUAL
        </selectKey>
    </insert>

    <update id="updateInventory" parameterType="inventory">
        UPDATE INVENTORY
        SET iv_type = #{ivType}, iv_date = #{ivDate}, iv_isdel = #{ivIsdel}, iv_edit_date = #{ivEditDate}, iv_vat_type = #{ivVatType}, iv_memo = #{ivMemo}, send_brc_id = #{sendBrcId.sendBrcId}, recieve_brc_id = #{recieveBrcId.recieveBrcId}, send_emp_id = #{sendEmpId.sendEmpId}, recieve_emp_id = #{recieveEmpId.recieveEmpId}, DOC_NO = #{docNo.docNo}
        WHERE iv_id = #{ivId.ivId}
    </update>

    <delete id="deleteInventory" parameterType="string">
        DELETE FROM INVENTORY WHERE iv_id = #{ivId.ivId}
    </delete>
</mapper>
