<?xml version="1.0" encoding="UTF-8"?>
<!DOCTYPE mapper PUBLIC "-//mybatis.org//DTD Mapper 3.0//EN" "http://mybatis.org/dtd/mybatis-3-mapper.dtd" >
<mapper namespace="inventoryattach">
    <resultMap id="inventoryattachMap" type="inventoryattach">
        <id column="iv_file_id" property="ivFileId" />
        <result column="iv_file_name_ori" property="ivFileNameOri" />
        <result column="iv_file_name_re" property="ivFileNameRe" />
        <result column="iv_upload_date" property="ivUploadDate" />
        <result column="iv_attach_isdel" property="ivAttachIsdel" />
        <association property="ivId" resultMap="inventory.inventoryMap"/>
    </resultMap>

    <select id="selectAllInventoryAttaches" resultMap="inventoryattachMap">
        SELECT * FROM INVENTORY_ATTACH WHERE iv_attach_isdel = 'N'
    </select>

    <select id="countInventoryAttaches" resultType="_int">
        SELECT COUNT(*) FROM INVENTORY_ATTACH WHERE iv_attach_isdel = 'N'
    </select>

    <select id="selectInventoryAttach" parameterType="long" resultMap="inventoryattachMap">
        SELECT * FROM INVENTORY_ATTACH WHERE iv_file_id = #{ivFileId}
    </select>

    <insert id="insertInventoryAttach" parameterType="inventoryattach">
        INSERT INTO INVENTORY_ATTACH (iv_file_id, iv_file_name_ori, iv_file_name_re, iv_upload_date, iv_attach_isdel, iv_id)
        VALUES (SEQ_IV_FILE_ID.NEXTVAL, #{ivFileNameOri}, #{ivFileNameRe}, #{ivUploadDate}, #{ivAttachIsdel}, #{ivId.ivId})
        <selectKey keyProperty="id" order="AFTER" resultType="long">
            SELECT SEQ_IV_FILE_ID.CURRVAL FROM DUAL
        </selectKey>
    </insert>

    <update id="updateInventoryAttach" parameterType="inventoryattach">
        UPDATE INVENTORY_ATTACH
        SET iv_file_name_ori = #{ivFileNameOri}, iv_file_name_re = #{ivFileNameRe}, iv_upload_date = #{ivUploadDate}, iv_attach_isdel = #{ivAttachIsdel}, iv_id = #{ivId.ivId}
        WHERE iv_file_id = #{ivFileId}
    </update>

    <delete id="deleteInventoryAttach" parameterType="long">
        DELETE FROM INVENTORY_ATTACH WHERE iv_file_id = #{ivFileId}
    </delete>




</mapper>