<?xml version="1.0" encoding="UTF-8"?>
<!DOCTYPE mapper PUBLIC "-//mybatis.org//DTD Mapper 3.0//EN" "http://mybatis.org/dtd/mybatis-3-mapper.dtd" >
<mapper namespace="productattach">
    <resultMap id="productattachMap" type="productattach">
        <id column="prd_file_id" property="prdFileId" />
        <result column="prd_file_name_ori" property="prdFileNameOri" />
        <result column="prd_file_name_re" property="prdFileNameRe" />
        <result column="prd_file_upload_date" property="prdFileUploadDate" />
        <result column="prd_attach_isdel" property="prdAttachIsdel" />
        <association property="prdId" resultMap="product.productMap"/>
    </resultMap>

    <select id="selectAllProductAttaches" resultMap="productattachMap">
        SELECT * FROM PRD_ATTACH WHERE prd_attach_isdel = 'N'
    </select>

    <select id="countProductAttaches" resultType="int">
        SELECT COUNT(*) FROM PRD_ATTACH WHERE prd_attach_isdel = 'N'
    </select>

    <select id="selectProductAttach" parameterType="long" resultMap="productattachMap">
        SELECT * FROM PRD_ATTACH WHERE prd_file_id = #{prdFileId}
    </select>

    <insert id="insertProductAttach" parameterType="productattach">
        INSERT INTO PRD_ATTACH (prd_file_id, prd_file_name_ori, prd_file_name_re, prd_file_upload_date, prd_attach_isdel, prd_id)
        VALUES (SEQ_PRD_FILE_ID.nextval,#{ivFileNameOri}, #{ivFileNameRe}, #{prdFileUploadDate}, #{prdAttachIsdel}, #{prdId.prdId})

        <selectKey keyProperty="id" resultType="long" order="AFTER">
            SELECT SEQ_PRD_FILE_ID.CURRVAL FROM DUAL
        </selectKey>
    </insert>

    <update id="updateProductAttach" parameterType="productattach">
        UPDATE PRD_ATTACH
        SET prd_file_name_ori = #{ivFileNameOri}, prd_file_name_re = #{ivFileNameRe}, prd_file_upload_date = #{prdFileUploadDate}, prd_attach_isdel = #{prdAttachIsdel}, prd_id = #{prdId.prdId}
        WHERE prd_file_id = #{prdFileId}
    </update>

    <delete id="deleteProductAttach" parameterType="long">
        DELETE FROM PRD_ATTACH WHERE prd_file_id = #{prdFileId}
    </delete>
</mapper>
