<?xml version="1.0" encoding="UTF-8"?>
<!DOCTYPE mapper PUBLIC "-//mybatis.org//DTD Mapper 3.0//EN" "http://mybatis.org/dtd/mybatis-3-mapper.dtd" >
<mapper namespace="prdinventory">
    <resultMap id="prdinventoryMap" type="prdinventory">
        <id column="prd_iv_id" property="prdIvId" />
        <result column="prd_iv_quantity" property="prdIvQuantity" />
        <association property="prdId" resultMap="product.productMap"/>
        <association property="ivId" resultMap="inventory.inventoryMap"/>
    </resultMap>

    <select id="selectAllPrdInventory" resultMap="prdinventoryMap">
        SELECT * FROM PRDINVENTORY
    </select>

    <select id="countPrdInventory" resultType="_int">
        SELECT COUNT(*) FROM PRDINVENTORY
    </select>

    <select id="selectPrdInventory" parameterType="long" resultMap="prdinventoryMap">
        SELECT * FROM PRDINVENTORY WHERE prd_iv_id = #{prdIvId}
    </select>

    <insert id="insertPrdInventory" parameterType="prdinventory">
        INSERT INTO PRDINVENTORY (prd_iv_id, prd_iv_quantity, prd_id, iv_id)
        VALUES (SEQ_PRD_IV_NO.nextval, #{prdIvQuantity}, #{prdId.prdId}, #{ivId.ivId})

        <selectKey keyProperty="id" resultType="long" order="AFTER">
            SELECT SEQ_PRD_IV_NO.CURRVAL FROM DUAL
        </selectKey>
    </insert>

    <update id="updatePrdInventory" parameterType="prdinventory">
        UPDATE PRDINVENTORY
        SET prd_iv_quantity = #{prdIvQuantity}, prd_id = #{prdId.prdId}, iv_id = #{ivId.ivId}
        WHERE prd_iv_id = #{prdIvId}
    </update>

    <delete id="deletePrdInventory" parameterType="long">
        DELETE FROM PRDINVENTORY WHERE prd_iv_id = #{prdIvId}
    </delete>
</mapper>