<?xml version="1.0" encoding="UTF-8"?>
<!DOCTYPE mapper PUBLIC "-//mybatis.org//DTD Mapper 3.0//EN" "http://mybatis.org/dtd/mybatis-3-mapper.dtd" >
<mapper namespace="product">
    <resultMap id="productMap" type="product">
        <id column="prd_id" property="prdId" />
        <result column="prd_title" property="prdTitle" />
        <result column="prd_author" property="prdAuthor" />
        <result column="prd_genre" property="prdGenre" />
        <result column="publish_Date" property="publishDate" />
        <result column="prd_isdel" property="prdIsdel" />
        <result column="prd_price" property="prdPrice" />
        <result column="price_in_stk" property="priceInStk" />
        <result column="price_out_stk" property="priceOutStk" />
        <association property="pubId" resultMap="publisher.publisherMap"/>
        <collection property="prdAttachList"  resultMap="productattach.productattachMap"/>
        <collection property="stockList" resultMap="stock.stockMap"/>
        <collection property="prdInventoryList" resultMap="prdinventory.prdinventoryMap"/>
    </resultMap>

    <select id="selectAllProducts" resultMap="productMap">
        SELECT * FROM PRODUCT WHERE prd_isdel = 'N'
    </select>
    <select id="countProducts" resultType="_int">
        SELECT COUNT(*) FROM PRODUCT WHERE prd_isdel = 'N'
    </select>
    <select id="selectProduct" parameterType="long" resultMap="productMap">
        SELECT * FROM PRODUCT WHERE prd_id = #{prdId.prdId}
    </select>
    <insert id="insertProduct" parameterType="product">
        INSERT INTO PRODUCT (prd_id, prd_title, prd_author, prd_genre, publish_date, prd_isdel, prd_price, price_in_stk, price_out_stk, pub_id)
        VALUES (SEQ_PRODUCT_ID.nextval, #{prdTitle}, #{prdAuthor}, #{prdGenre}, #{publishDate}, #{prdIsdel}, #{prdPrice}, #{priceInStk}, #{priceOutStk}, #{pub_id})

        <selectKey keyProperty="id" resultType="long" order="AFTER">
            SELECT SEQ_PRODUCT_ID.CURRVAL FROM DUAL
        </selectKey>
    </insert>
    <update id="updateProduct" parameterType="product">
        UPDATE PRODUCT
        SET prd_title = #{prdTitle}, prd_author = #{prdAuthor}, prd_genre = #{prdGenre}, publish_date = #{publishDate}, prd_isdel = #{prdIsdel}, prd_price = #{prdPrice}, price_in_stk = #{priceInStk}, price_out_stk = #{priceOutStk}, pub_id = #{pub_id}
        WHERE prd_id = #{prdId.prdId}
    </update>
    <delete id="deleteProduct" parameterType="long">
        DELETE FROM PRODUCT WHERE prd_id = #{prdId.prdId}
    </delete>
</mapper>
