<?xml version="1.0" encoding="UTF-8"?>
<!DOCTYPE mapper PUBLIC "-//mybatis.org//DTD Mapper 3.0//EN" "http://mybatis.org/dtd/mybatis-3-mapper.dtd" >
<mapper namespace="publisher">
    <resultMap id="publisherMap" type="publisher">
        <id column="pub_id" property="pubId" />
        <result column="pub_name" property="pubName" />
        <result column="pub_addr" property="pubAddr" />
        <result column="pub_phone" property="pubPhone" />
        <result column="pub_isdel" property="pubIsdel" />
        <result column="pub_representative" property="pubRepresentative" />
        <result column="pub_bank" property="pubBank" />
        <collection property="productList" resultMap="product.productMap"/>
    </resultMap>

    <select id="selectAllPublishers" resultMap="publisherMap">
        SELECT * FROM PUBLISHER WHERE pub_isdel = 'N'
    </select>

    <select id="countPublishers" resultType="_int">
        SELECT COUNT(*) FROM PUBLISHER WHERE pub_isdel = 'N'
    </select>

    <select id="selectPublisher" parameterType="long" resultMap="publisherMap">
        SELECT * FROM PUBLISHER WHERE pub_id = #{pubId}
    </select>

    <insert id="insertPublisher" parameterType="publisher">
        INSERT INTO PUBLISHER (pub_id, pub_name, pub_addr, pub_phone, pub_isdel, pub_representative, pub_bank)
        VALUES (SEQ_PUBLISHER_ID.nextval, #{pubName}, #{pubAddr}, #{pubPhone}, #{pubIsdel}, #{pubRepresentative}, #{pubBank})

        <selectKey keyProperty="id" resultType="long" order="AFTER">
            SELECT SEQ_PUBLISHER_ID.CURRVAL FROM DUAL
        </selectKey>
    </insert>

    <update id="updatePublisher" parameterType="publisher">
        UPDATE PUBLISHER
        SET pub_name = #{pubName}, pub_addr = #{pubAddr}, pub_phone = #{pubPhone}, pub_isdel = #{pubIsdel}, pub_representative = #{pubRepresentative}, pub_bank = #{pubBank}
        WHERE pub_id = #{pubId}
    </update>

    <delete id="deletePublisher" parameterType="long">
        DELETE FROM PUBLISHER WHERE ID = #{pubId}
    </delete>

</mapper>