<?xml version="1.0" encoding="UTF-8"?>
<!DOCTYPE mapper PUBLIC "-//mybatis.org//DTD Mapper 3.0//EN" "http://mybatis.org/dtd/mybatis-3-mapper.dtd" >
<mapper namespace="stock">
    <resultMap id="stockMap" type="stock">
        <id column="stk_id" property="stkId" />
        <result column="stk_Stock" property="stkStock" />
        <association property="branchId" resultMap="branch.branchMap"/>
        <association property="prdId" resultMap="product.productMap"/>
    </resultMap>

    <select id="selectAllStocks" resultMap="stockMap">
        SELECT * FROM STOCK
    </select>

    <select id="countStocks" resultType="_int">
        SELECT COUNT(*) FROM STOCK
    </select>

    <select id="selectStock" parameterType="long" resultMap="stockMap">
        SELECT * FROM STOCK WHERE stk_id = #{stkId}
    </select>

    <insert id="insertStock" parameterType="stock">
        INSERT INTO STOCK (stk_id, stk_stock, branch_id, prd_id)
        VALUES (SEQ_STOCK_ID.nextval, #{stkStock}, #{branchId.branchId}, #{prdId.prdId})

        <selectKey keyProperty="id" resultType="long" order="AFTER">
            SELECT SEQ_STOCK_ID.CURRVAL FROM DUAL
        </selectKey>
    </insert>

    <update id="updateStock" parameterType="stock">
        UPDATE STOCK
        SET stk_stock = #{stkStock}, branch_id = #{branchId.branchId}, prd_id = #{prdId.prdId}
        WHERE stk_id = #{stkId}
    </update>

    <delete id="deleteStock" parameterType="long">
        DELETE FROM STOCK WHERE stk_id = #{stkId}
    </delete>


</mapper>
