<?xml version="1.0" encoding="UTF-8"?>
<!DOCTYPE mapper PUBLIC "-//mybatis.org//DTD Mapper 3.0//EN" "http://mybatis.org/dtd/mybatis-3-mapper.dtd" >
<mapper namespace="seo_tag">

<!--    <resultMap id="tagMap" type="tag">
        <id property="docTag" column="DOC_TAG" />
        <result property="tagName" column="TAG_NAME" />
        <result property="tagCont" column="TAG_CONT" />

&lt;!&ndash;        <association property="document" resultMap="document.documentMap" />&ndash;&gt;
    </resultMap>-->

    <select id="selectAllTags" resultType="tag">
        SELECT * FROM TAG
    </select>

    <select id="countTags" resultType="_int">
        SELECT COUNT(*) FROM TAG
    </select>

    <insert id="insertTag" parameterType="tag">

        INSERT INTO TAG (DOC_TAG, TAG_NAME, TAG_CONT)
        VALUES (SEQ_TAG_NO.NEXTVAL, #{tagName}, #{tagCont})

        <selectKey keyProperty="docTag" resultType="long" order="AFTER">
            SELECT SEQ_TAG_NO.CURRVAL FROM DUAL
        </selectKey>
    </insert>

    <update id="updateTag" parameterType="tag">
        UPDATE TAG
        SET TAG_NAME = #{tagName}, TAG_CONT = #{tagCont}
        WHERE DOC_TAG = #{docTag}
    </update>

    <delete id="deleteTag" parameterType="long">
        DELETE FROM TAG WHERE DOC_TAG = #{docTag}
    </delete>

</mapper>