<?xml version="1.0" encoding="UTF-8"?>
<!DOCTYPE mapper PUBLIC "-//mybatis.org//DTD Mapper 3.0//EN" "http://mybatis.org/dtd/mybatis-3-mapper.dtd" >
<mapper namespace="fboard">
	<resultMap type="fboard" id="fboardMap">
		<id column="FBOARD_NO" property="fboardNo"/>
		<result column="FBOARD_TITLE" property="fboardTitle"/>
		<result column="FBOARD_CONTENT" property="fobardContent"/>
		<result column="FBOARD_VIEWS" property="fboardViews"/>
		<result column="FBOARD_DATE" property="fboardDate"/>
		<association resultMap="employee.employeeMap" property="empNo"/>
		<collection resultMap="fboardcommentMap" property="comments"/>
		<collection resultMap="fboardfileMap" property="files"/>
	</resultMap>
	
	
</mapper>
