<?xml version="1.0" encoding="UTF-8"?>
<!DOCTYPE mapper PUBLIC "-//mybatis.org//DTD Mapper 3.0//EN" "http://mybatis.org/dtd/mybatis-3-mapper.dtd" >
<mapper namespace="notice">
	<resultMap type="notice" id="noticeMap">
		<id column="NOTICE_NO" property="noticeNo"/>
		<result column="NOTICE_TITLE" property="noticeTitle"/>
		<result column="NOTICE_CONTENT" property="noticeContent"/>
		<result column="NOTICE_VIEWS" property="noticeViews"/>
		<result column="NOTICE_DATE" property="noticeDate"/>
		<association resultMap="employee.employeeMap" property="empNo"/>
		<collection resultMap="noticefile.noticefileMap" property="files"/>
	</resultMap>
</mapper>
