<?xml version="1.0" encoding="UTF-8"?>
<!DOCTYPE mapper PUBLIC "-//mybatis.org//DTD Mapper 3.0//EN" "http://mybatis.org/dtd/mybatis-3-mapper.dtd" >
<mapper namespace="approval">
  	<resultMap type="approval" id="approvalMap">
  	<id column="APRV_NO" property="aprvNo"/>
		<result column="APRV_SQ" property="aprvSq"/>
		<result column="APRV_LV" property="aprvLv"/>
		<result column="APRV_RE" property="aprvRe"/>
		<result column="APRV_DATE" property="aprvDate"/>
		
		<association property="docNo" resultMap="document.documentMap"/>
  		<association property="empNo" resultMap="employee.employeeMap"/>
  </resultMap>
</mapper>
