<?xml version="1.0" encoding="UTF-8"?>
<!DOCTYPE mapper PUBLIC "-//mybatis.org//DTD Mapper 3.0//EN" "http://mybatis.org/dtd/mybatis-3-mapper.dtd" >
<mapper namespace="chatmessage">
	<resultMap type="chatmessage" id="chatmessageMap">
		<id column="MESSAGE_ID" property="messageId"/>
		<result column="MESSAGE_TYPE" property="messageType"/>
		<result column="MESSAGE" property="message"/>
		<result column="SEND_AT" property="sendAt"/>
		<result column="READ_CHECK" property="readCheck"/>
		<association resultMap="chatroom.chatroomMap" property="chatRoomId"/>
		<association resultMap="employee.employeeMap" property="empNo"/>
		<collection resultMap="chatfile.chatfileMap" property="files"/>
	</resultMap>
</mapper>
