<?xml version="1.0" encoding="UTF-8"?>
<!DOCTYPE mapper PUBLIC "-//mybatis.org//DTD Mapper 3.0//EN" "http://mybatis.org/dtd/mybatis-3-mapper.dtd" >
<mapper namespace="employee">
	<resultMap type="employee" id="employeeMap">
		<id column="EMP_NO" property="empNo"/>
		<result column="EMP_PW" property="empPw"/>
		<result column="EMP_NAME" property="empName"/>
		<result column="EMP_LV" property="empLv"/>
		<result column="EMP_ENDATE" property="empEndate"/>
		<result column="EMP_STATUS" property="empStatus"/>
		<result column="EMP_FICATION" property="empFication"/>
		<result column="EMP_EMAIL" property="empEmail"/>
		
		<association property="branchId" resultMap="branch.branchMap"/>



		<collection property="commuteList" resultMap="commute.commuteMap"/>
		<collection property="noticeList" resultMap="notice.noticeMap"/>
		<collection property="dwrulesList" resultMap="dwrules.dwrulesMap"/>
		<collection property="fboardList" resultMap="fboard.fboardMap"/>
		<collection property="fboardCommentList" resultMap="fboardcomment.fboardcommentMap"/>
		<collection property="documentList" resultMap="document.documentMap"/>
		<collection property="approvalList" resultMap="approval.approvalMap"/>
		<collection property="inventoryList" resultMap="inventory.inventoryMap"/>
		<collection property="empChatList" resultMap="empchat.empchatMap"/>


	</resultMap>

	<select id="selectEmployeeAll" resultMap="employeeMap">
		SELECT * FROM EMPLOYEE
	</select>
	 <select id="selectEmployeeByNo" resultMap="employeeMap" parameterType="string">
	 	SELECT * FROM EMPLOYEE WHERE EMP_NO=#{empNo}
	 </select>
</mapper>
